metric,value
min,-0.20681265206812652
max,0.8732966770260578
mean,0.22214335638602264
median,0.15239440131305654
stdDev,0.19593513711533622